{
	"class_name" : "PinholeCameraParameters",
	"extrinsic" : 
	[
		0.80179360783066378,
		-0.53268815944848757,
		-0.27086959080943479,
		0.0,
		0.56553017673505113,
		0.52985591379244334,
		0.63200342548217003,
		0.0,
		-0.19313888692831818,
		-0.65992123424129767,
		0.72608631370762855,
		0.0,
		2.211578053427838,
		12.734724417894878,
		31.519932964504598,
		1.0
	],
	"intrinsic" : 
	{
		"height" : 1376,
		"intrinsic_matrix" : 
		[
			1191.6509556073877,
			0.0,
			0.0,
			0.0,
			1191.6509556073877,
			0.0,
			1719.5,
			687.5,
			1.0
		],
		"width" : 3440
	},
	"version_major" : 1,
	"version_minor" : 0
}